[
  {
    "Name": "Dr. John Smith",
    "Last Name": "Smith",
    "Gender": "Male",
    "Degree": "MD",
    "Address": "123 Main St, Springfield",
    "Designation": "Cardiologist",
    "Last Work": "Springfield General Hospital",
    "Mobile": "+1-555-123-4567",
    "Email": "john.smith@example.com",
    "College Name": "Harvard Medical School",
    "College ID": "HMS12345",
    "Specialization": "Cardiology",
    "Registration ID": "REG12345",
    "College Address": "25 Shattuck St, Boston, MA",
    "Biography": "Dr. John Smith is a renowned cardiologist with over 15 years of experience in the field. He has published numerous research papers and is dedicated to providing exceptional care to his patients."
  },
  {
    "Name": "Dr. Emily Johnson",
    "Last Name": "Johnson",
    "Gender": "Female",
    "Degree": "DO",
    "Address": "456 Oak Ave, Riverdale",
    "Designation": "Pediatrician",
    "Last Work": "Riverdale Children's Hospital",
    "Mobile": "+1-555-234-5678",
    "Email": "emily.johnson@example.com",
    "College Name": "Stanford University School of Medicine",
    "College ID": "SUSM67890",
    "Specialization": "Pediatrics",
    "Registration ID": "REG67890",
    "College Address": "291 Campus Dr, Stanford, CA",
    "Biography": "Dr. Emily Johnson specializes in pediatrics and has a passion for children's health. She has been recognized for her compassionate care and innovative treatments."
  },
  {
    "Name": "Dr. Michael Brown",
    "Last Name": "Brown",
    "Gender": "Male",
    "Degree": "MBBS",
    "Address": "789 Pine Rd, Lakeside",
    "Designation": "Neurologist",
    "Last Work": "Lakeside Neurology Center",
    "Mobile": "+1-555-345-6789",
    "Email": "michael.brown@example.com",
    "College Name": "Johns Hopkins University School of Medicine",
    "College ID": "JHUSM11223",
    "Specialization": "Neurology",
    "Registration ID": "REG11223",
    "College Address": "733 N Broadway, Baltimore, MD",
    "Biography": "Dr. Michael Brown is a leading neurologist with extensive experience in treating neurological disorders. He is dedicated to advancing the field through research and patient care."
  },
  {
    "Name": "Dr. Sarah Davis",
    "Last Name": "Davis",
    "Gender": "Female",
    "Degree": "MD",
    "Address": "321 Birch St, Meadowville",
    "Designation": "Dermatologist",
    "Last Work": "Meadowville Skin Clinic",
    "Mobile": "+1-555-456-7890",
    "Email": "sarah.davis@example.com",
    "College Name": "Yale School of Medicine",
    "College ID": "YSM33445",
    "Specialization": "Dermatology",
    "Registration ID": "REG33445",
    "College Address": "333 Cedar St, New Haven, CT",
    "Biography": "Dr. Sarah Davis is an expert in dermatology, specializing in skin care and cosmetic treatments. She is committed to helping her patients achieve healthy, beautiful skin."
  },
  {
    "Name": "Dr. David Wilson",
    "Last Name": "Wilson",
    "Gender": "Male",
    "Degree": "MD",
    "Address": "654 Maple Ln, Greenfield",
    "Designation": "Orthopedic Surgeon",
    "Last Work": "Greenfield Orthopedic Center",
    "Mobile": "+1-555-567-8901",
    "Email": "david.wilson@example.com",
    "College Name": "University of California, San Francisco (UCSF) School of Medicine",
    "College ID": "UCSFSM55667",
    "Specialization": "Orthopedic Surgery",
    "Registration ID": "REG55667",
    "College Address": "513 Parnassus Ave, San Francisco, CA",
    "Biography": "Dr. David Wilson is a highly skilled orthopedic surgeon known for his expertise in joint replacement and sports medicine. He is dedicated to helping patients regain mobility and improve their quality of life."
  },
  {
    "Name": "Dr. Jessica Martinez",
    "Last Name": "Martinez",
    "Gender": "Female",
    "Degree": "MD",
    "Address": "987 Elm St, Brookfield",
    "Designation": "Oncologist",
    "Last Work": "Brookfield Cancer Center",
    "Mobile": "+1-555-678-9012",
    "Email": "jessica.martinez@example.com",
    "College Name": "University of Chicago Pritzker School of Medicine",
    "College ID": "UCPSM77889",
    "Specialization": "Oncology",
    "Registration ID": "REG77889",
    "College Address": "5841 S Maryland Ave, Chicago, IL",
    "Biography": "Dr. Jessica Martinez is a dedicated oncologist with a focus on innovative cancer treatments. She is committed to supporting her patients through every step of their journey."
  },
  {
    "Name": "Dr. Christopher Lee",
    "Last Name": "Lee",
    "Gender": "Male",
    "Degree": "MD",
    "Address": "147 Cedar Blvd, Hilltop",
    "Designation": "Psychiatrist",
    "Last Work": "Hilltop Mental Health Center",
    "Mobile": "+1-555-789-0123",
    "Email": "christopher.lee@example.com",
    "College Name": "Columbia University Vagelos College of Physicians and Surgeons",
    "College ID": "CUVCP88990",
    "Specialization": "Psychiatry",
    "Registration ID": "REG88990",
    "College Address": "630 W 168th St, New York, NY",
    "Biography": "Dr. Christopher Lee is a psychiatrist with a deep understanding of mental health disorders. He is passionate about providing comprehensive care and support to his patients."
  },
  {
    "Name": "Dr. Amanda Walker",
    "Last Name": "Walker",
    "Gender": "Female",
    "Degree": "MD",
    "Address": "258 Oakwood Dr, Fairview",
    "Designation": "Endocrinologist",
    "Last Work": "Fairview Endocrinology Clinic",
    "Mobile": "+1-555-890-1234",
    "Email": "amanda.walker@example.com",
    "College Name": "University of Pennsylvania Perelman School of Medicine",
    "College ID": "UPPSM99001",
    "Specialization": "Endocrinology",
    "Registration ID": "REG99001",
    "College Address": "3400 Civic Center Blvd, Philadelphia, PA",
    "Biography": "Dr. Amanda Walker specializes in endocrinology, focusing on diabetes and metabolic disorders. She is dedicated to improving patient outcomes through personalized treatment plans."
  },
  {
    "Name": "Dr. Daniel Harris",
    "Last Name": "Harris",
    "Gender": "Male",
    "Degree": "MD",
    "Address": "369 Spruce St, Clearfield",
    "Designation": "Gastroenterologist",
    "Last Work": "Clearfield Gastroenterology Associates",
    "Mobile": "+1-555-901-2345",
    "Email": "daniel.harris@example.com",
    "College Name": "Washington University School of Medicine in St. Louis",
    "College ID": "WUSM11234",
    "Specialization": "Gastroenterology",
    "Registration ID": "REG11234",
    "College Address": "660 S Euclid Ave, St. Louis, MO",
    "Biography": "Dr. Daniel Harris is an experienced gastroenterologist dedicated to diagnosing and treating digestive disorders. He is known for his patient-centered approach and clinical expertise."
  },
  {
    "Name": "Dr. Laura Clark",
    "Last Name": "Clark",
    "Gender": "Female",
    "Degree": "MD",
    "Address": "741 Walnut St, Bayside",
    "Designation": "Pulmonologist",
    "Last Work": "Bayside Pulmonary Center",
    "Mobile": "+1-555-012-3456",
    "Email": "laura.clark@example.com",
    "College Name": "University of Michigan Medical School",
    "College ID": "UMMS22345",
    "Specialization": "Pulmonology",
    "Registration ID": "REG22345",
    "College Address": "1500 E Medical Center Dr, Ann Arbor, MI",
    "Biography": "Dr. Laura Clark is a pulmonologist specializing in respiratory diseases. She is dedicated to providing the highest quality care to her patients and advancing the field through research."
  }
]
