[
  {
    "title": "Get job ready",
    "message": "Blockchain Development Course + Pro NFT Marketplace Project 40+ Hours Hands-On Course ‍",
    "price": "35% ‍"
  },
  {
    "title": "AI Movie App Course",
    "message": "Master web development in 8+ Hour Hands-On Course",
    "price": "50% ‍"
  },
  {
    "title": "Get ultimated web3 Dapp source code",
    "message": "The Blockchain Coders brings together organizations from across web3 to create the largest community learning blockchain education. ‍",
    "price": "$19.99"
  }
]
