[
  {
    "name": "Aziz Bakree",
    "image": "images/widget/1.jpg",
    "age": "24 Years",
    "status": "Pending"
  },
  {
    "name": "Griezerman",
    "image": "images/widget/2.jpg",
    "age": "34 Years",
    "status": "On Recovery"
  },
  {
    "name": "Oconner",
    "image": "images/widget/3.jpg",
    "age": "14 Years",
    "status": "Rejected"
  },
  {
    "name": "  Uli Trumb",
    "image": "images/widget/4.jpg",
    "age": "54 Years",
    "status": "Recovered"
  },
  {
    "name": "Aziz Bakree",
    "image": "images/widget/5.jpg",
    "age": "34 Years",
    "status": "Pending"
  }
]
