[
  {
    "image": "images/avatar/1.jpg",
    "name": "Daulat Hussain",
    "date": "29 July 2020 - 02:26 PM",
    "message": "The Blockchain Coders brings together organizations from across web3 to create the largest community learning blockchain education. ‍"
  },
  {
    "image": "images/avatar/2.jpg",
    "name": "Dr. Sing",
    "date": "29 July 2020 - 02:26 PM",
    "message": "The Blockchain Coders brings together organizations from across web3 to create the largest community learning blockchain education. ‍"
  },
  {
    "image": "images/avatar/3.jpg",
    "name": "MD. Arif Khan",
    "date": "29 July 2020 - 02:26 PM",
    "message": "The Blockchain Coders brings together organizations from across web3 to create the largest community learning blockchain education. ‍"
  },
  {
    "image": "images/avatar/4.jpg",
    "name": "MD Husssain",
    "date": "29 July 2020 - 02:26 PM",
    "message": "The Blockchain Coders brings together organizations from across web3 to create the largest community learning blockchain education. ‍"
  },
  {
    "image": "images/avatar/5.jpg",
    "name": "Medical Service",
    "date": "29 July 2020 - 02:26 PM",
    "message": "The Blockchain Coders brings together organizations from across web3 to create the largest community learning blockchain education. ‍"
  },
  {
    "image": "",
    "name": "DR,Medical Service",
    "date": "29 July 2020 - 02:26 PM",
    "message": "The Blockchain Coders brings together organizations from across web3 to create the largest community learning blockchain education. ‍"
  },
  {
    "image": "",
    "name": "DR. Medical",
    "date": "29 July 2020 - 02:26 PM",
    "message": "The Blockchain Coders brings together organizations from across web3 to create the largest community learning blockchain education. ‍"
  },
  {
    "image": "",
    "name": "Medical Service",
    "date": "29 July 2020 - 02:26 PM",
    "message": "The Blockchain Coders brings together organizations from across web3 to create the largest community learning blockchain education. ‍"
  },
  {
    "image": "",
    "name": "Hey Medical Service",
    "date": "29 July 2020 - 02:26 PM",
    "message": "The Blockchain Coders brings together organizations from across web3 to create the largest community learning blockchain education. ‍"
  }
]
