[
  {
    "First Name": "John",
    "Last Name": "Doe",
    "Gender": "Male",
    "Injury/Condition": "Fractured Arm",
    "Phone": "+1-555-123-4567",
    "email": "john.doe@example.com",
    "Date Of Birth": "1985-04-12",
    "City": "Springfield",
    "Address": "123 Main St, Springfield",
    "Consulting Doctor": "Dr. Smith",
    "Message": "Needs follow-up appointment."
  },
  {
    "First Name": "Jane",
    "Last Name": "Doe",
    "Gender": "Female",
    "Injury/Condition": "Sprained Ankle",
    "Phone": "+1-555-234-5678",
    "email": "jane.doe@example.com",
    "Date Of Birth": "1990-08-22",
    "City": "Riverdale",
    "Address": "456 Oak Ave, Riverdale",
    "Consulting Doctor": "Dr. Johnson",
    "Message": "Requires physiotherapy sessions."
  },
  {
    "First Name": "Alice",
    "Last Name": "Johnson",
    "Gender": "Female",
    "Injury/Condition": "Concussion",
    "Phone": "+1-555-345-6789",
    "email": "alice.johnson@example.com",
    "Date Of Birth": "1978-11-03",
    "City": "Meadowville",
    "Address": "321 Birch St, Meadowville",
    "Consulting Doctor": "Dr. Brown",
    "Message": "Monitor for 48 hours."
  },
  {
    "First Name": "Robert",
    "Last Name": "Smith",
    "Gender": "Male",
    "Injury/Condition": "Burns",
    "Phone": "+1-555-456-7890",
    "email": "robert.smith@example.com",
    "Date Of Birth": "1982-06-15",
    "City": "Greenfield",
    "Address": "654 Maple Ln, Greenfield",
    "Consulting Doctor": "Dr. Wilson",
    "Message": "Change dressings daily."
  },
  {
    "First Name": "Emily",
    "Last Name": "Davis",
    "Gender": "Female",
    "Injury/Condition": "Asthma",
    "Phone": "+1-555-567-8901",
    "email": "emily.davis@example.com",
    "Date Of Birth": "1995-02-20",
    "City": "Brookfield",
    "Address": "987 Elm St, Brookfield",
    "Consulting Doctor": "Dr. Martinez",
    "Message": "Prescribed inhaler."
  },
  {
    "First Name": "Michael",
    "Last Name": "Brown",
    "Gender": "Male",
    "Injury/Condition": "Diabetes",
    "Phone": "+1-555-678-9012",
    "email": "michael.brown@example.com",
    "Date Of Birth": "1974-09-10",
    "City": "Hilltop",
    "Address": "147 Cedar Blvd, Hilltop",
    "Consulting Doctor": "Dr. Anderson",
    "Message": "Monitor blood sugar levels daily."
  },
  {
    "First Name": "Sarah",
    "Last Name": "Wilson",
    "Gender": "Female",
    "Injury/Condition": "High Blood Pressure",
    "Phone": "+1-555-789-0123",
    "email": "sarah.wilson@example.com",
    "Date Of Birth": "1987-05-30",
    "City": "Fairview",
    "Address": "258 Oakwood Dr, Fairview",
    "Consulting Doctor": "Dr. Lee",
    "Message": "Prescribed medication."
  },
  {
    "First Name": "David",
    "Last Name": "Martinez",
    "Gender": "Male",
    "Injury/Condition": "Migraines",
    "Phone": "+1-555-890-1234",
    "email": "david.martinez@example.com",
    "Date Of Birth": "1980-12-17",
    "City": "Clearfield",
    "Address": "369 Spruce St, Clearfield",
    "Consulting Doctor": "Dr. Clark",
    "Message": "Prescribed pain relief medication."
  },
  {
    "First Name": "Laura",
    "Last Name": "Anderson",
    "Gender": "Female",
    "Injury/Condition": "Allergies",
    "Phone": "+1-555-901-2345",
    "email": "laura.anderson@example.com",
    "Date Of Birth": "1992-03-25",
    "City": "Seaside",
    "Address": "258 Lakeview Ave, Seaside",
    "Consulting Doctor": "Dr. Lewis",
    "Message": "Prescribed antihistamines."
  },
  {
    "First Name": "Chris",
    "Last Name": "Taylor",
    "Gender": "Male",
    "Injury/Condition": "Back Pain",
    "Phone": "+1-555-012-3456",
    "email": "chris.taylor@example.com",
    "Date Of Birth": "1976-07-05",
    "City": "Mountainview",
    "Address": "789 Pine St, Mountainview",
    "Consulting Doctor": "Dr. Walker",
    "Message": "Referred to physical therapy."
  }
]
